package,sequence_length,additive_anim_type,ref_pose_seq,enable_root_motion,playback,sha256
/Game/Characters/Mannequins/Anims/Rifle/Jog/MF_Rifle_Jog_Bwd,1.7999999523162842,<AdditiveAnimationType.AAT_NONE: 0>,,True,PIE end-to-end,0fd489f5c8d4d63e84f8a25c2db46c3ae54eae828212b2a32622726e593b5d3c
/Game/Characters/Mannequins/Anims/Rifle/Jog/MF_Rifle_Jog_Bwd_Left,1.7999999523162842,<AdditiveAnimationType.AAT_NONE: 0>,,True,Native pose evaluation at 4 phases; no end-to-end playback claim,c3939c4aa298e6be0834256ef6f642cff0465a40d676ec7e464aaf504b44f729
/Game/Characters/Mannequins/Anims/Rifle/Jog/MF_Rifle_Jog_Bwd_Right,1.7999999523162842,<AdditiveAnimationType.AAT_NONE: 0>,,True,Native pose evaluation at 4 phases; no end-to-end playback claim,907cb106c1c466aac0b38753b7551af73a09c082a652c82c43df5418eb33b089
/Game/Characters/Mannequins/Anims/Rifle/Jog/MF_Rifle_Jog_Fwd,1.5333333015441895,<AdditiveAnimationType.AAT_NONE: 0>,,True,PIE end-to-end,287d39883a65ccf6f89d91c7ca13b23184f04ae6eb5cc3867dd7ef7cfb35ec1c
/Game/Characters/Mannequins/Anims/Rifle/Jog/MF_Rifle_Jog_Fwd_Left,1.5333333015441895,<AdditiveAnimationType.AAT_NONE: 0>,,True,Native pose evaluation at 4 phases; no end-to-end playback claim,4103ea6388d484e8f71cd30b955c3c954750d922a0c030bf3d902bdb3e02c13d
/Game/Characters/Mannequins/Anims/Rifle/Jog/MF_Rifle_Jog_Fwd_Right,1.5333333015441895,<AdditiveAnimationType.AAT_NONE: 0>,,True,Native pose evaluation at 4 phases; no end-to-end playback claim,2ca8d8ec88d086d4cb6027a2eefdde258142587bca40e98dee021abe9c8824f8
/Game/Characters/Mannequins/Anims/Rifle/Jog/MF_Rifle_Jog_Left,0.46666666865348816,<AdditiveAnimationType.AAT_NONE: 0>,,True,PIE end-to-end,4feaf1bd5b370e28f5dce611b28d955bbf84bbeb72b7e22972a0e143022621a7
/Game/Characters/Mannequins/Anims/Rifle/Jog/MF_Rifle_Jog_Right,1.0666667222976685,<AdditiveAnimationType.AAT_NONE: 0>,,True,PIE end-to-end,e3c5cae5448dbb8c4e3bda5406202a8e55b08247695082270e1fef3dbdd6e533
/Game/Characters/Mannequins/Anims/Rifle/Jump/MM_Rifle_Jump_Apex,0.6666666865348816,<AdditiveAnimationType.AAT_NONE: 0>,,True,Native pose evaluation at 4 phases; no end-to-end playback claim,39acbd6bcfc5ec2795ee2497bb353fbe954766bda545c3318c3cd6ee5f1ee008
/Game/Characters/Mannequins/Anims/Rifle/Jump/MM_Rifle_Jump_Fall_Land,0.4000000059604645,<AdditiveAnimationType.AAT_NONE: 0>,,True,PIE end-to-end,ce74e83b9b88fa3722951c1c6b2cc36ae7159b8141f5347e5b47d760cee41c42
/Game/Characters/Mannequins/Anims/Rifle/Jump/MM_Rifle_Jump_Fall_Loop,3.0,<AdditiveAnimationType.AAT_NONE: 0>,,True,PIE end-to-end,d17c0a4fe1d9bb970b3208909e1c35b7183568c7968a0d6d0de391cca216b472
/Game/Characters/Mannequins/Anims/Rifle/Jump/MM_Rifle_Jump_RecoveryAdditive,0.9333333373069763,<AdditiveAnimationType.AAT_LOCAL_SPACE_BASE: 1>,/Game/Characters/Mannequins/Anims/Rifle/Jump/MM_Rifle_Jump_RecoveryAdditive.MM_Rifle_Jump_RecoveryAdditive,True,Native pose evaluation at 4 phases; no end-to-end playback claim,9d663743ac0fd361303751c55688a34053fbed145aaa88a004abd7b02533d5e5
/Game/Characters/Mannequins/Anims/Rifle/Jump/MM_Rifle_Jump_Start,0.23333333432674408,<AdditiveAnimationType.AAT_NONE: 0>,,True,PIE end-to-end,925f27182be45054a1bbb5d458cb53d38773b356dd61e18b82fa9a72880dc8e7
/Game/Characters/Mannequins/Anims/Rifle/Jump/MM_Rifle_Jump_Start_Loop,2.0,<AdditiveAnimationType.AAT_NONE: 0>,,True,Native pose evaluation at 4 phases; no end-to-end playback claim,c2da3d291df2070e1aaa62a45e445a7979948489b9e811e0d17f94b3e627d14e
/Game/Characters/Mannequins/Anims/Rifle/Walk/MF_Rifle_Walk_Bwd,1.2000000476837158,<AdditiveAnimationType.AAT_NONE: 0>,,True,PIE end-to-end,e1400dc7a7bfca224e0aa7796e5c230236ad634c808b2a1540cbad8903fa897b
/Game/Characters/Mannequins/Anims/Rifle/Walk/MF_Rifle_Walk_Bwd_Left,1.1333333253860474,<AdditiveAnimationType.AAT_NONE: 0>,,True,Native pose evaluation at 4 phases; no end-to-end playback claim,8d535eb181e756f56974efae068f34da050747fd8836fe2bb5f0c693f51325c2
/Game/Characters/Mannequins/Anims/Rifle/Walk/MF_Rifle_Walk_Bwd_Right,1.1333333253860474,<AdditiveAnimationType.AAT_NONE: 0>,,True,Native pose evaluation at 4 phases; no end-to-end playback claim,6e0bd9b3ba2e982ac9ffd60a643dab78cf886d194a26af518170a02dc4f3eac0
/Game/Characters/Mannequins/Anims/Rifle/Walk/MF_Rifle_Walk_Fwd,1.5333333015441895,<AdditiveAnimationType.AAT_NONE: 0>,,True,PIE end-to-end,540a6a77c48027e13be84d483c6afd18d82fb115b7532334597ebefe2249ecd0
/Game/Characters/Mannequins/Anims/Rifle/Walk/MF_Rifle_Walk_Fwd_Left,1.5333333015441895,<AdditiveAnimationType.AAT_NONE: 0>,,True,Native pose evaluation at 4 phases; no end-to-end playback claim,f7797a7841cb86c3dc9e68dcdf968e538c9a7335abb1b0d9db95e0983b2226d7
/Game/Characters/Mannequins/Anims/Rifle/Walk/MF_Rifle_Walk_Fwd_Right,1.5333333015441895,<AdditiveAnimationType.AAT_NONE: 0>,,True,Native pose evaluation at 4 phases; no end-to-end playback claim,787c7b69a054c6f2850503c016a2ef2fade7ad0941375c8e521c3534bf695d12
/Game/Characters/Mannequins/Anims/Rifle/Walk/MF_Rifle_Walk_Left,1.2333333492279053,<AdditiveAnimationType.AAT_NONE: 0>,,True,PIE end-to-end,a99d18722e504801616e1c0c495711c43c2d82c4465f7f388cdae8a45502bd1e
/Game/Characters/Mannequins/Anims/Rifle/Walk/MF_Rifle_Walk_Right,1.5,<AdditiveAnimationType.AAT_NONE: 0>,,True,PIE end-to-end,2c2c12d6a959d69c96962ca340bdfe984942df621ee2ff7e7e955662ddaee52a
/Game/InfimaGames/TacticalFPSAnimations/Weapons/AssaultRifle/Animations/Character/FP/Combat/A_TFA_FP_AR_Fire_Aimed,1.4666666984558105,<AdditiveAnimationType.AAT_LOCAL_SPACE_BASE: 1>,/Game/InfimaGames/TacticalFPSAnimations/Weapons/AssaultRifle/Animations/Character/FP/Poses/A_TFA_FP_AR_Aim_Pose.A_TFA_FP_AR_Aim_Pose,False,Native pose evaluation at 4 phases; no end-to-end playback claim,d86b0b2de616503bf11a0f58da33a754a1674b15dafc109dfdb2a482dc26048a
/Game/InfimaGames/TacticalFPSAnimations/Weapons/AssaultRifle/Animations/Character/FP/Combat/A_TFA_FP_AR_Fire_Auto,1.4666666984558105,<AdditiveAnimationType.AAT_LOCAL_SPACE_BASE: 1>,/Game/InfimaGames/TacticalFPSAnimations/Weapons/AssaultRifle/Animations/Character/FP/Poses/A_TFA_FP_AR_Idle_Pose_Standing.A_TFA_FP_AR_Idle_Pose_Standing,False,Native pose evaluation at 4 phases; no end-to-end playback claim,f9183ee5dcf770e3817b0d2d393d2c26cfa36de6d932b00a316e972a488cf8d9
/Game/InfimaGames/TacticalFPSAnimations/Weapons/AssaultRifle/Animations/Character/FP/Combat/A_TFA_FP_AR_Fire_Empty,1.1333333253860474,<AdditiveAnimationType.AAT_LOCAL_SPACE_BASE: 1>,/Game/InfimaGames/TacticalFPSAnimations/Weapons/AssaultRifle/Animations/Character/FP/Poses/A_TFA_FP_AR_Idle_Pose_Standing.A_TFA_FP_AR_Idle_Pose_Standing,False,Native pose evaluation at 4 phases; no end-to-end playback claim,79b3880015c3a83f9c8569293f27d90f4af2b059823f44789984f913ecee5ab7
/Game/InfimaGames/TacticalFPSAnimations/Weapons/AssaultRifle/Animations/Character/FP/Combat/A_TFA_FP_AR_Fire_Semi,0.800000011920929,<AdditiveAnimationType.AAT_LOCAL_SPACE_BASE: 1>,/Game/InfimaGames/TacticalFPSAnimations/Weapons/AssaultRifle/Animations/Character/FP/Poses/A_TFA_FP_AR_Idle_Pose_Standing.A_TFA_FP_AR_Idle_Pose_Standing,False,Native pose evaluation at 4 phases; no end-to-end playback claim,a4e9e4cc33f6ee4d7812e0d1479f6bb9723107f0af43aa5d3aa805b3868ddeed
/Game/InfimaGames/TacticalFPSAnimations/Weapons/AssaultRifle/Animations/Character/FP/Combat/A_TFA_FP_AR_Reload,3.6666667461395264,<AdditiveAnimationType.AAT_LOCAL_SPACE_BASE: 1>,/Game/InfimaGames/TacticalFPSAnimations/Weapons/AssaultRifle/Animations/Character/FP/Poses/A_TFA_FP_AR_Idle_Pose_Standing.A_TFA_FP_AR_Idle_Pose_Standing,False,PIE end-to-end,bef7a341e76f9508082917d4f55cc042ca0eca5adc6a297862caa6eac42e667d
/Game/InfimaGames/TacticalFPSAnimations/Weapons/AssaultRifle/Animations/Character/FP/Combat/A_TFA_FP_AR_Reload_Aimed,3.6666667461395264,<AdditiveAnimationType.AAT_LOCAL_SPACE_BASE: 1>,/Game/InfimaGames/TacticalFPSAnimations/Weapons/AssaultRifle/Animations/Character/FP/Poses/A_TFA_FP_AR_Aim_Pose.A_TFA_FP_AR_Aim_Pose,False,PIE end-to-end,f9c2ca36c6209db1993fbe11eb68eb1c20cd99c07b7bac1ae8023881c1d75f85
/Game/InfimaGames/TacticalFPSAnimations/Weapons/AssaultRifle/Animations/Character/FP/Combat/A_TFA_FP_AR_Reload_Empty,3.6666667461395264,<AdditiveAnimationType.AAT_LOCAL_SPACE_BASE: 1>,/Game/InfimaGames/TacticalFPSAnimations/Weapons/AssaultRifle/Animations/Character/FP/Poses/A_TFA_FP_AR_Idle_Pose_Standing.A_TFA_FP_AR_Idle_Pose_Standing,False,PIE end-to-end,2b9c1c1e3713423864da36a529c110b5f05bdebc8b6e9ad90ef947668b3ffe35
/Game/InfimaGames/TacticalFPSAnimations/Weapons/AssaultRifle/Animations/Character/FP/Combat/A_TFA_FP_AR_Reload_Empty_Aimed,3.6666667461395264,<AdditiveAnimationType.AAT_LOCAL_SPACE_BASE: 1>,/Game/InfimaGames/TacticalFPSAnimations/Weapons/AssaultRifle/Animations/Character/FP/Poses/A_TFA_FP_AR_Aim_Pose.A_TFA_FP_AR_Aim_Pose,False,PIE end-to-end,28062fc79331cdbe6fb8cacbf4b86a25744f4b3472fabe4fb6f97a7641b7ebc5
/Game/InfimaGames/TacticalFPSAnimations/Weapons/AssaultRifle/Animations/Character/FP/Locomotion/A_TFA_FP_AR_Idle_Loop_Aimed,2.0,<AdditiveAnimationType.AAT_NONE: 0>,,False,Native pose evaluation at 4 phases; no end-to-end playback claim,d28cce82d1185edcc447a1a4b461d83c4c4def4d70b1f4b8740496caccd2bce1
/Game/InfimaGames/TacticalFPSAnimations/Weapons/AssaultRifle/Animations/Character/FP/Locomotion/A_TFA_FP_AR_Idle_Loop_Crouched,2.0,<AdditiveAnimationType.AAT_NONE: 0>,,False,Native pose evaluation at 4 phases; no end-to-end playback claim,3cce4724779bc2adc00f30db53baef52cd722b89d46bd7c84afbf1a3cc539289
/Game/InfimaGames/TacticalFPSAnimations/Weapons/AssaultRifle/Animations/Character/FP/Locomotion/A_TFA_FP_AR_Idle_Loop_Standing,2.0,<AdditiveAnimationType.AAT_NONE: 0>,,False,Native pose evaluation at 4 phases; no end-to-end playback claim,b8538f1c63f19e9777d9300bf57abec1cd1e3808851c122bb2fde4d53ad5a71d
/Game/InfimaGames/TacticalFPSAnimations/Weapons/AssaultRifle/Animations/Character/FP/Locomotion/A_TFA_FP_AR_Jump_End,0.8999999761581421,<AdditiveAnimationType.AAT_NONE: 0>,,False,Native pose evaluation at 4 phases; no end-to-end playback claim,69fde0be52fd3478fc1740bd89b76ce3c4a67c6eb2842a8514daf3fb69b1db4b
/Game/InfimaGames/TacticalFPSAnimations/Weapons/AssaultRifle/Animations/Character/FP/Locomotion/A_TFA_FP_AR_Jump_Falling_Loop,0.800000011920929,<AdditiveAnimationType.AAT_NONE: 0>,,False,Native pose evaluation at 4 phases; no end-to-end playback claim,2ae8ece584e305476af587b1965de09dd7dd0b290415e2eb570886b6804bfc13
/Game/InfimaGames/TacticalFPSAnimations/Weapons/AssaultRifle/Animations/Character/FP/Locomotion/A_TFA_FP_AR_Jump_Full,1.2999999523162842,<AdditiveAnimationType.AAT_LOCAL_SPACE_BASE: 1>,/Game/InfimaGames/TacticalFPSAnimations/Weapons/AssaultRifle/Animations/Character/FP/Poses/A_TFA_FP_AR_Idle_Pose_Standing.A_TFA_FP_AR_Idle_Pose_Standing,False,Native pose evaluation at 4 phases; no end-to-end playback claim,0014a096d45b1ad0beca9f21d3cf0964423fc4db1830af691da390d78663cfaf
/Game/InfimaGames/TacticalFPSAnimations/Weapons/AssaultRifle/Animations/Character/FP/Locomotion/A_TFA_FP_AR_Jump_Start,0.4000000059604645,<AdditiveAnimationType.AAT_NONE: 0>,,False,Native pose evaluation at 4 phases; no end-to-end playback claim,4b55cb80ce5571b3c1a194dccf2862b438c54b31614950e2ac9ad693dbce5c88
/Game/InfimaGames/TacticalFPSAnimations/Weapons/AssaultRifle/Animations/Character/FP/Locomotion/A_TFA_FP_AR_Run_F_Loop,0.6666666865348816,<AdditiveAnimationType.AAT_NONE: 0>,,False,Native pose evaluation at 4 phases; no end-to-end playback claim,b46a9b6a5e7fdfbf6a608382b8d709e26389173667562140a7c8d0b822b9dc28
/Game/InfimaGames/TacticalFPSAnimations/Weapons/AssaultRifle/Animations/Character/FP/Locomotion/A_TFA_FP_AR_Sprint_F_Loop,0.5333333611488342,<AdditiveAnimationType.AAT_NONE: 0>,,False,Native pose evaluation at 4 phases; no end-to-end playback claim,70f63644cfd81d2b5fa2384bd50ec7df884dcaae4d9e3c87ce2a05395ea41471
/Game/InfimaGames/TacticalFPSAnimations/Weapons/AssaultRifle/Animations/Character/FP/Locomotion/A_TFA_FP_AR_Walk_B_Loop_Aimed,0.6666666865348816,<AdditiveAnimationType.AAT_NONE: 0>,,False,Native pose evaluation at 4 phases; no end-to-end playback claim,2fbbb1eaa90ee0a27711a6c694979611cbbfa8c2e5e239d1e0d1af8b73b4b84a
/Game/InfimaGames/TacticalFPSAnimations/Weapons/AssaultRifle/Animations/Character/FP/Locomotion/A_TFA_FP_AR_Walk_B_Loop_Standing,0.6666666865348816,<AdditiveAnimationType.AAT_NONE: 0>,,False,Native pose evaluation at 4 phases; no end-to-end playback claim,00a2fc3e5982316eec6fdb8b7f71fbe5d91b39d4eaac6350b43fc5f0af0678de
/Game/InfimaGames/TacticalFPSAnimations/Weapons/AssaultRifle/Animations/Character/FP/Locomotion/A_TFA_FP_AR_Walk_F_Loop_Aimed,0.6666666865348816,<AdditiveAnimationType.AAT_NONE: 0>,,False,Native pose evaluation at 4 phases; no end-to-end playback claim,24c1037dd310643d8ac5ceb8282c6a81650fb652598dccde84aa1d0e7d01dd75
/Game/InfimaGames/TacticalFPSAnimations/Weapons/AssaultRifle/Animations/Character/FP/Locomotion/A_TFA_FP_AR_Walk_F_Loop_Standing,0.6666666865348816,<AdditiveAnimationType.AAT_NONE: 0>,,False,Native pose evaluation at 4 phases; no end-to-end playback claim,023edb332933c2cfe9eb9cc35e35e47072e3299cca0b71dd8a0e8792ed5cb2fc
/Game/InfimaGames/TacticalFPSAnimations/Weapons/AssaultRifle/Animations/Character/FP/Locomotion/A_TFA_FP_AR_Walk_Strafe_L_Loop_Aimed,0.6666666865348816,<AdditiveAnimationType.AAT_NONE: 0>,,False,Native pose evaluation at 4 phases; no end-to-end playback claim,3eeb0fd34cc6382f015d6ba09bfd1c5badf23c0b5f6d7fd4843fab710660b44e
/Game/InfimaGames/TacticalFPSAnimations/Weapons/AssaultRifle/Animations/Character/FP/Locomotion/A_TFA_FP_AR_Walk_Strafe_L_Loop_Standing,0.6666666865348816,<AdditiveAnimationType.AAT_NONE: 0>,,False,Native pose evaluation at 4 phases; no end-to-end playback claim,48f5b093d0c6f714a6b63112335e06a9b4aa50bc6c9f3c4e3bb1970d70956ccf
/Game/InfimaGames/TacticalFPSAnimations/Weapons/AssaultRifle/Animations/Character/FP/Locomotion/A_TFA_FP_AR_Walk_Strafe_R_Loop_Aimed,0.6666666865348816,<AdditiveAnimationType.AAT_NONE: 0>,,False,Native pose evaluation at 4 phases; no end-to-end playback claim,8eb3ae3c5b99940066f07dd2025f82d46bba7245b3da054a35336aa31722150c
/Game/InfimaGames/TacticalFPSAnimations/Weapons/AssaultRifle/Animations/Character/FP/Locomotion/A_TFA_FP_AR_Walk_Strafe_R_Loop_Standing,0.6666666865348816,<AdditiveAnimationType.AAT_NONE: 0>,,False,Native pose evaluation at 4 phases; no end-to-end playback claim,f167aecc1cca594ab2a80b202f58ae144cc9befe986377c2a765214c1f8cea74
/Game/InfimaGames/TacticalFPSAnimations/Weapons/AssaultRifle/Animations/Character/FP/Poses/A_TFA_FP_AR_Aim_Pose,0.03333333507180214,<AdditiveAnimationType.AAT_NONE: 0>,,False,Native pose evaluation at 4 phases; no end-to-end playback claim,5f37bf852bc3b4a97a1092d2b9d4779b739c828c5b601eddf4017600f118d616
/Game/InfimaGames/TacticalFPSAnimations/Weapons/AssaultRifle/Animations/Character/FP/Poses/A_TFA_FP_AR_Idle_Pose_Standing,0.03333333507180214,<AdditiveAnimationType.AAT_NONE: 0>,,False,Native pose evaluation at 4 phases; no end-to-end playback claim,a5f495be3ba56889be38500b8e79a71d459fc8e41d55847e5027884c32495070
/Game/InfimaGames/TacticalFPSAnimations/Weapons/AssaultRifle/Animations/Character/FP/Transitions/A_TFA_FP_AR_Equip,2.3333332538604736,<AdditiveAnimationType.AAT_LOCAL_SPACE_BASE: 1>,/Game/InfimaGames/TacticalFPSAnimations/Weapons/AssaultRifle/Animations/Character/FP/Poses/A_TFA_FP_AR_Idle_Pose_Standing.A_TFA_FP_AR_Idle_Pose_Standing,False,Native pose evaluation at 4 phases; no end-to-end playback claim,493a0c7b6b3660a2db23cbf27ae4d8ea391b568ddc43bee83cf59059bf498531
/Game/InfimaGames/TacticalFPSAnimations/Weapons/AssaultRifle/Animations/Character/FP/Transitions/A_TFA_FP_AR_Holster,0.4000000059604645,<AdditiveAnimationType.AAT_NONE: 0>,,False,Native pose evaluation at 4 phases; no end-to-end playback claim,39cfa97c9a6fe51c17d0a036140c27b36a7d66023a9d840dc76a43558418696a
/Game/InfimaGames/TacticalFPSAnimations/Weapons/AssaultRifle/Animations/Character/FP/Transitions/A_TFA_FP_AR_Transition_Crouch_End,1.4333332777023315,<AdditiveAnimationType.AAT_ROTATION_OFFSET_MESH_SPACE: 2>,/Game/InfimaGames/TacticalFPSAnimations/Weapons/AssaultRifle/Animations/Character/FP/Poses/A_TFA_FP_AR_Idle_Pose_Standing.A_TFA_FP_AR_Idle_Pose_Standing,False,Native pose evaluation at 4 phases; no end-to-end playback claim,2745815ca4abea28d2461baee5b335a9cb4025db61bb8e7d06c7b5acdb400b1b
/Game/InfimaGames/TacticalFPSAnimations/Weapons/AssaultRifle/Animations/Character/FP/Transitions/A_TFA_FP_AR_Transition_Crouch_End_Aimed,1.4333332777023315,<AdditiveAnimationType.AAT_ROTATION_OFFSET_MESH_SPACE: 2>,/Game/InfimaGames/TacticalFPSAnimations/Weapons/AssaultRifle/Animations/Character/FP/Poses/A_TFA_FP_AR_Idle_Pose_Standing.A_TFA_FP_AR_Idle_Pose_Standing,False,Native pose evaluation at 4 phases; no end-to-end playback claim,96e739d3e32217c1cee07fd70e0cc58849f617b930a2d4283d3c3987a17ff570
/Game/InfimaGames/TacticalFPSAnimations/Weapons/AssaultRifle/Animations/Character/FP/Transitions/A_TFA_FP_AR_Transition_Crouch_Start,1.2333333492279053,<AdditiveAnimationType.AAT_ROTATION_OFFSET_MESH_SPACE: 2>,/Game/InfimaGames/TacticalFPSAnimations/Weapons/AssaultRifle/Animations/Character/FP/Poses/A_TFA_FP_AR_Idle_Pose_Standing.A_TFA_FP_AR_Idle_Pose_Standing,False,Native pose evaluation at 4 phases; no end-to-end playback claim,c558d492239b20022f0d0ff6fe2fb622214f6f1a8146314a39893f623533b314
/Game/InfimaGames/TacticalFPSAnimations/Weapons/AssaultRifle/Animations/Character/FP/Transitions/A_TFA_FP_AR_Transition_Crouch_Start_Aimed,1.2333333492279053,<AdditiveAnimationType.AAT_ROTATION_OFFSET_MESH_SPACE: 2>,/Game/InfimaGames/TacticalFPSAnimations/Weapons/AssaultRifle/Animations/Character/FP/Poses/A_TFA_FP_AR_Idle_Pose_Standing.A_TFA_FP_AR_Idle_Pose_Standing,False,Native pose evaluation at 4 phases; no end-to-end playback claim,0b7730cf1368132f0bdb3ee1660b92768a3ac2649a953237186668adcd51a6fc
/Game/InfimaGames/TacticalFPSAnimations/Weapons/AssaultRifle/Animations/Character/FP/Transitions/A_TFA_FP_AR_Transition_Run_End,1.4333332777023315,<AdditiveAnimationType.AAT_ROTATION_OFFSET_MESH_SPACE: 2>,/Game/InfimaGames/TacticalFPSAnimations/Weapons/AssaultRifle/Animations/Character/FP/Poses/A_TFA_FP_AR_Idle_Pose_Standing.A_TFA_FP_AR_Idle_Pose_Standing,False,Native pose evaluation at 4 phases; no end-to-end playback claim,723529ef1f5fbe631fbaec533846bcd23368c2fbece79cf1841cea17a8453b3b
/Game/InfimaGames/TacticalFPSAnimations/Weapons/AssaultRifle/Animations/Character/FP/Transitions/A_TFA_FP_AR_Transition_Walk_End,1.100000023841858,<AdditiveAnimationType.AAT_ROTATION_OFFSET_MESH_SPACE: 2>,/Game/InfimaGames/TacticalFPSAnimations/Weapons/AssaultRifle/Animations/Character/FP/Poses/A_TFA_FP_AR_Idle_Pose_Standing.A_TFA_FP_AR_Idle_Pose_Standing,False,Native pose evaluation at 4 phases; no end-to-end playback claim,c30618972ed6ee4e89e394fe0fbd66d98a1318c544e6e432e01e3693a0c3a03d
/Game/InfimaGames/TacticalFPSAnimations/Weapons/AssaultRifle/Animations/Character/TP/Combat/A_TFA_TP_AR_Fire,1.4666666984558105,<AdditiveAnimationType.AAT_LOCAL_SPACE_BASE: 1>,/Game/InfimaGames/TacticalFPSAnimations/Weapons/AssaultRifle/Animations/Character/TP/Poses/A_TFA_TP_AR_Idle_Pose.A_TFA_TP_AR_Idle_Pose,False,Native pose evaluation at 4 phases; no end-to-end playback claim,f06d4b83da0a78f53413f9dc7f1dd0a6153b05cb4d7ec557c64a1c96b11815bf
/Game/InfimaGames/TacticalFPSAnimations/Weapons/AssaultRifle/Animations/Character/TP/Combat/A_TFA_TP_AR_Fire_Empty,1.1333333253860474,<AdditiveAnimationType.AAT_LOCAL_SPACE_BASE: 1>,/Game/InfimaGames/TacticalFPSAnimations/Weapons/AssaultRifle/Animations/Character/TP/Poses/A_TFA_TP_AR_Idle_Pose.A_TFA_TP_AR_Idle_Pose,False,Native pose evaluation at 4 phases; no end-to-end playback claim,a81f00de32383af2513687a6cf0ba58dd5a2eaaaf2298bf0658e3dabd8f6bb25
/Game/InfimaGames/TacticalFPSAnimations/Weapons/AssaultRifle/Animations/Character/TP/Combat/A_TFA_TP_AR_Reload,3.6666667461395264,<AdditiveAnimationType.AAT_LOCAL_SPACE_BASE: 1>,/Game/InfimaGames/TacticalFPSAnimations/Weapons/AssaultRifle/Animations/Character/TP/Poses/A_TFA_TP_AR_Idle_Pose.A_TFA_TP_AR_Idle_Pose,False,PIE end-to-end,ab9267eb2601ac79768b6cc136d7c1680daf7af0d8364df21b48f2d0053bba08
/Game/InfimaGames/TacticalFPSAnimations/Weapons/AssaultRifle/Animations/Character/TP/Combat/A_TFA_TP_AR_Reload_Aimed,3.6666667461395264,<AdditiveAnimationType.AAT_LOCAL_SPACE_BASE: 1>,/Game/InfimaGames/TacticalFPSAnimations/Weapons/AssaultRifle/Animations/Character/TP/Poses/A_TFA_TP_AR_Aim_Pose.A_TFA_TP_AR_Aim_Pose,False,PIE end-to-end,58101de5f622bc6d7bf9587d168da2beb4a5d4fc846bdc6716095fae6c8da7d2
/Game/InfimaGames/TacticalFPSAnimations/Weapons/AssaultRifle/Animations/Character/TP/Combat/A_TFA_TP_AR_Reload_Empty,3.6666667461395264,<AdditiveAnimationType.AAT_LOCAL_SPACE_BASE: 1>,/Game/InfimaGames/TacticalFPSAnimations/Weapons/AssaultRifle/Animations/Character/TP/Poses/A_TFA_TP_AR_Idle_Pose.A_TFA_TP_AR_Idle_Pose,False,PIE end-to-end,a071a71dd0021574c900bb34898064a5c6f5944b400355ceb182b424002003bc
/Game/InfimaGames/TacticalFPSAnimations/Weapons/AssaultRifle/Animations/Character/TP/Combat/A_TFA_TP_AR_Reload_Empty_Aimed,3.6666667461395264,<AdditiveAnimationType.AAT_LOCAL_SPACE_BASE: 1>,/Game/InfimaGames/TacticalFPSAnimations/Weapons/AssaultRifle/Animations/Character/TP/Poses/A_TFA_TP_AR_Aim_Pose.A_TFA_TP_AR_Aim_Pose,False,PIE end-to-end,7b0e16845da4fbdfb9f3c5a189c9b8a5f2bfa913e2a6c38078ba50517648d88b
/Game/InfimaGames/TacticalFPSAnimations/Weapons/AssaultRifle/Animations/Character/TP/Locomotion/A_TFA_TP_AR_Idle_Loop,4.0,<AdditiveAnimationType.AAT_LOCAL_SPACE_BASE: 1>,/Game/InfimaGames/TacticalFPSAnimations/Weapons/AssaultRifle/Animations/Character/TP/Poses/A_TFA_TP_AR_Idle_Pose.A_TFA_TP_AR_Idle_Pose,False,Native pose evaluation at 4 phases; no end-to-end playback claim,68305f0ec67b9d34de11a2b116a4398b9dffe02e273aaeba148f436561870195
/Game/InfimaGames/TacticalFPSAnimations/Weapons/AssaultRifle/Animations/Character/TP/Poses/A_TFA_TP_AR_Aim_Pose,0.03333333507180214,<AdditiveAnimationType.AAT_NONE: 0>,,False,Native pose evaluation at 4 phases; no end-to-end playback claim,c11b107ffcdb0e23cbd5018f57c1d78cd330358ddaa718e987d358f3a1741893
/Game/InfimaGames/TacticalFPSAnimations/Weapons/AssaultRifle/Animations/Character/TP/Poses/A_TFA_TP_AR_Idle_Pose,0.03333333507180214,<AdditiveAnimationType.AAT_NONE: 0>,,False,Native pose evaluation at 4 phases; no end-to-end playback claim,97c4a240e2e97a9695c7406150d70c5294636bf7a2dff64e1a47ed664aae642a
/Game/InfimaGames/TacticalFPSAnimations/Weapons/AssaultRifle/Animations/Character/TP/Transitions/A_TFA_TP_AR_Equip,2.3333332538604736,<AdditiveAnimationType.AAT_ROTATION_OFFSET_MESH_SPACE: 2>,/Game/InfimaGames/TacticalFPSAnimations/Weapons/AssaultRifle/Animations/Character/TP/Poses/A_TFA_TP_AR_Idle_Pose.A_TFA_TP_AR_Idle_Pose,False,Native pose evaluation at 4 phases; no end-to-end playback claim,431e4754ec029fbf5072c376dd3c3ea20ad9fe5af6f98bf6a298bfbaa404492c
/Game/InfimaGames/TacticalFPSAnimations/Weapons/AssaultRifle/Animations/Character/TP/Transitions/A_TFA_TP_AR_Holster,0.4000000059604645,<AdditiveAnimationType.AAT_NONE: 0>,,False,Native pose evaluation at 4 phases; no end-to-end playback claim,3704e03e061268a8dabbe37c2cf22b0049f9c75cf8a016562c11ab8e24654820
/Game/InfimaGames/TacticalFPSAnimations/Weapons/AssaultRifle/Animations/Character/TP/Transitions/A_TFA_TP_AR_Transition_Aim_End,1.0,<AdditiveAnimationType.AAT_ROTATION_OFFSET_MESH_SPACE: 2>,/Game/InfimaGames/TacticalFPSAnimations/Weapons/AssaultRifle/Animations/Character/TP/Poses/A_TFA_TP_AR_Idle_Pose.A_TFA_TP_AR_Idle_Pose,False,Native pose evaluation at 4 phases; no end-to-end playback claim,8005f9a8619861348b1e2acec968af5823229e02491822795ec44b8ff30179f5
/Game/InfimaGames/TacticalFPSAnimations/Weapons/AssaultRifle/Animations/Character/TP/Transitions/A_TFA_TP_AR_Transition_Aim_Start,0.9666666388511658,<AdditiveAnimationType.AAT_ROTATION_OFFSET_MESH_SPACE: 2>,/Game/InfimaGames/TacticalFPSAnimations/Weapons/AssaultRifle/Animations/Character/TP/Poses/A_TFA_TP_AR_Idle_Pose.A_TFA_TP_AR_Idle_Pose,False,Native pose evaluation at 4 phases; no end-to-end playback claim,6390deb1f9d4f4a582b60b62c4bc7c75051ae5f6e8483ec617496a4cbbd52c32
/Game/InfimaGames/TacticalFPSAnimations/Weapons/AssaultRifle/Animations/Weapon/Common/A_TFA_AR_Magazine_FireDepletion,1.0,<AdditiveAnimationType.AAT_NONE: 0>,,False,Native pose evaluation at 4 phases; no end-to-end playback claim,1614cf17728ea868113bcca66bca14a661e8cffef3904e2a0790d8d7494a6f9b
/Game/InfimaGames/TacticalFPSAnimations/Weapons/AssaultRifle/Animations/Weapon/Common/A_TFA_WEP_AR_Reference,0.03999999910593033,<AdditiveAnimationType.AAT_NONE: 0>,,False,Native pose evaluation at 4 phases; no end-to-end playback claim,abab15cc78f5f053ae4c9c3d07d2b5ce71dc89e1402176bf045cbc8ee792dd9a
/Game/InfimaGames/TacticalFPSAnimations/Weapons/AssaultRifle/Animations/Weapon/FP/A_TFA_FP_WEP_AR_Equip,2.3333332538604736,<AdditiveAnimationType.AAT_NONE: 0>,,False,Native pose evaluation at 4 phases; no end-to-end playback claim,b185dd61b289453e54ef976672bf35b76995e651822d111821288dc30dc607ef
/Game/InfimaGames/TacticalFPSAnimations/Weapons/AssaultRifle/Animations/Weapon/FP/A_TFA_FP_WEP_AR_Fire,0.800000011920929,<AdditiveAnimationType.AAT_NONE: 0>,,False,Native pose evaluation at 4 phases; no end-to-end playback claim,8ea733ef152fbff1c455bea244d45e843e83f3cc05191c1a27cd96948d49c9a1
/Game/InfimaGames/TacticalFPSAnimations/Weapons/AssaultRifle/Animations/Weapon/FP/A_TFA_FP_WEP_AR_Reload,3.6666667461395264,<AdditiveAnimationType.AAT_NONE: 0>,,False,PIE end-to-end,a282cc97a41a6e34a018aa01e2c6c819caa74d30e15da7d070040d8dc6255c48
/Game/InfimaGames/TacticalFPSAnimations/Weapons/AssaultRifle/Animations/Weapon/FP/A_TFA_FP_WEP_AR_Reload_Aimed,3.6666667461395264,<AdditiveAnimationType.AAT_NONE: 0>,,False,PIE end-to-end,67a496fa23644b6d97aea322917aebe8f67ed42916c07a2b7ebfe6bb5775411b
/Game/InfimaGames/TacticalFPSAnimations/Weapons/AssaultRifle/Animations/Weapon/FP/A_TFA_FP_WEP_AR_Reload_Empty,3.6666667461395264,<AdditiveAnimationType.AAT_NONE: 0>,,False,PIE end-to-end,87adee73fd0128816fd264e63af35a6edc236c76cbbf4014be84c7997c336b3f
/Game/InfimaGames/TacticalFPSAnimations/Weapons/AssaultRifle/Animations/Weapon/FP/A_TFA_FP_WEP_AR_Reload_Empty_Aimed,3.6666667461395264,<AdditiveAnimationType.AAT_NONE: 0>,,False,PIE end-to-end,fffe1b966eee81b5c48d72ad0d4874e5e5c6b3b4991a724a00c399481abf4efd
/Game/InfimaGames/TacticalFPSAnimations/Weapons/AssaultRifle/Animations/Weapon/TP/A_TFA_TP_WEP_AR_Reload,3.6666667461395264,<AdditiveAnimationType.AAT_NONE: 0>,,False,PIE end-to-end,fbfd10c5039ec043ad8b7590dc1fcb5410385a3edbc688d60b42a910a0bdcfe4
/Game/InfimaGames/TacticalFPSAnimations/Weapons/AssaultRifle/Animations/Weapon/TP/A_TFA_TP_WEP_AR_Reload_Aimed,3.6666667461395264,<AdditiveAnimationType.AAT_NONE: 0>,,False,PIE end-to-end,8b0078cd02cdf9de4295d45eebf993e6140d355c05ad62875c88393e198b464d
/Game/InfimaGames/TacticalFPSAnimations/Weapons/AssaultRifle/Animations/Weapon/TP/A_TFA_TP_WEP_AR_Reload_Empty,3.6666667461395264,<AdditiveAnimationType.AAT_NONE: 0>,,False,PIE end-to-end,df28cc79120f3fa35b3727eea46d20c67bd39383c9be2df2df95bd73291fd93e
/Game/InfimaGames/TacticalFPSAnimations/Weapons/AssaultRifle/Animations/Weapon/TP/A_TFA_TP_WEP_AR_Reload_Empty_Aimed,3.6666667461395264,<AdditiveAnimationType.AAT_NONE: 0>,,False,PIE end-to-end,043eef6b088945d1ce76c095291d7a7d035415b766f193c4ba971ee047a31254
